Question,A,B,C,D,Answer
string,string,string,string,string,string
设 A，B 为n阶矩阵， 则 $|-2(\begin{array}{cc}A^T & O \\ O & B^{-1}\end{array})|$ 等于(),$-2|A^T||B|$,$(-2)^{2n}|A||B|^{-1}$,$(-2)^n|A||B|^{-1}$,$-2|A||B|^{-1}$,B
设函数 $f(x)=\frac{1}{e^{\frac{x}{x-1}}-1}$， 则 ( ),$x=0， x=1$ 都是 $f(x)$ 的第一类间断点;,$x=0$ 是 $f(x)$ 的第一类间断点， $x=1$ 是 $f(x)$ 的第二类间断点;,$x=0， x=1$ 都是 $f(x)$ 的第二类间断点;,$x=0$ 是 $f(x)$ 的第二类间断点， $x=1$ 是 $f(x)$ 的第一类间断点,D
下列各对函数中， ( ) 是相同的.,$f(x)=\ln x^3，g(x)=3 \ln x$,$f(x)=\ln x^2， g(x)=2 \ln x$,$f(x)=\sqrt{x^2}， g(x)=x$,$f(x)=\frac{x^2-1}{x+1}， g(x)=x-1$,A
微分方程 $y^{\prime \prime}+2 y^{\prime}+2 y=\mathrm{e}^{-x} \sin x$ 的特解形式为 ( ).,$\mathrm{e}^{-x}(a \cos x+b \sin x)$,$\mathrm{e}^{-x}(a \cos x+b x \sin x)$,$\mathrm{e}^{-x}(a x \cos x+b \sin x)$,$x \mathrm{e}^{-x}(a \cos x+b \sin x)$,D
设A为n阶方阵， 且 $|A| \neq 0$， 则（）.,以上都不对,由AX=BA， 可得X=B,当$(A，E)$经有限次初等变换变为$(E，B)$时， 有$A^{-1}=B$,A经初等列变换可变为单位阵$E$,D
将一枚硬币独立的掷两次， 引进事件: $A_1={第一次出现正面}， A_2={第二次出现正面}， A_3={正、反面各出现一次}， A_4={出现两次正面}， 则事件,$A_1， A_2， A_3$ 相互独立,$A_1， A_2， A_3$ 两两独立,$A_2， A_3， A_4$ 两两独立,$A_2， A_3， A_4$ 相互独立,B
函数 $f(x， y)=\left\{\begin{array}{lc}0， & x y=0， \\ x \sin \frac{1}{x}+y \sin \frac{1}{x}， & x y \neq 0，\end{array}\right.$ 则极限 $\lim _{\substack{x \rightarrow 0 \\ y \rightarrow 0}} f(x， y)()$.,等于 1,等于 0,等于 2,不存在,B
函数 $f(x)=x \sin x$.,在 $(-\infty，+\infty)$ 内有界,当 $x \rightarrow \infty$ 时极限存在,当 $x \rightarrow \infty$ 时为无穷大,在 $(-\infty，+\infty)$ 内无界,D
设函数 $f(x)=\frac{1}{e^{\frac{x}{x-1}}-1}$， 则,$x=0$ 是 $f(x)$ 的第二类间断点， $x=1$ 是 $f(x)$ 的第一类间断点.,$x=0$ 是 $f(x)$ 的第一类间断点， $x=1$ 是 $f(x)$ 的第二类间断点;,$x=0， x=1$ 都是 $f(x)$ 的第二类间断点;,$x=0， x=1$ 都是 $f(x)$ 的第一类间断点;,A
10 台洗衣机中有 3 台二等品， 7 台一等品. 现已售出一台， 在余下的 9 台中 任取 2 台发现均为一等品， 则原先售出一台为二等品的概率为 (),$\frac{3}{8}$,$\frac{1}{4}$,$\frac{1}{5}$,$\frac{3}{10}$,A
设 $f(x)=u(x)+v(x)， g(x)=u(x)-v(x)$， 设 $\lim _{x \rightarrow x_0} u(x)$ 与 $\lim _{x \rightarrow x_0} v(x)$ 都不存在， 下列判断正确的是 ( ).,若 $\lim _{x \rightarrow x_0} f(x)$ 存在， 则 $\lim _{x \rightarrow x_0} g(x)$ 必不存在,若 $\lim _{x \rightarrow x_0} f(x)$ 不存在， 则 $\lim _{x \rightarrow x_0} g(x)$ 必不存在,若 $\lim _{x \rightarrow x_0} f(x)$ 不存在， 则 $\lim _{x \rightarrow x_0} g(x)$ 必存在,若 $\lim _{x \rightarrow x_0} f(x)$ 存在， 则 $\lim _{x \rightarrow x_0} g(x)$ 必存在,A
设A，B为n阶矩阵， 则下列结论正确的是 ( ),若A+B可逆，则A-B可逆,若A，B 可逆，则A+B可逆,若A，B可逆，则AB可逆,若A+B可逆，则A，B都可逆,C
设随机变量 $X$ 服从正态分布 $N\left(\mu， \sigma^2\right)， \sigma>0$， 则随着 $\sigma$ 的增大， 概率 $P\{|X-\mu|<1\}$,减小,增大,增减不定,保持不变,A
设常系数线性齐次方程的特解方程有根 $r_{1，2}=-1， r_{3，4}= \pm \mathrm{i}$， 则此方程的通解为,$y=C_1 \mathrm{e}^{-x}+(C_2+x) \cos x+C_3 \sin x$,$y=C_1 \mathrm{e}^{-x}+C_2 \cos x+C_3 \sin x$,$y=C_1 \mathrm{e}^{-x}+C_2 \cos x+C_3 x \sin x$,$y=(C_1+C_2 x) \mathrm{e}^{-x}+C_3 \cos x+C_4 \sin x$,D
设 $(X， Y)$ 服从二维正态分布， 则随机变量 $\xi=X+Y$ 与 $\eta=X-Y$ 不相关的 充分必要条件是 ( ),$E\left(X^2\right)+[E(X)]^2=E\left(Y^2\right)+[E(Y)]^2$,$E(X)=E(Y)$,$E\left(X^2\right)-[E(X)]^2=E\left(Y^2\right)-[E(Y)]^2$,$E\left(X^2\right)=E\left(Y^2\right)$,C
在区间 $[0，8]$ 内， 对函数 $f(x)=\sqrt[3]{8 x-x^2}$， 罗尔定理（）.,成立， 并且 $f^{\prime}(2)=0$,成立， 并且 $f^{\prime}(8)=0$,不成立,成立， 并且 $f^{\prime}(4)=0$,D
函数 $f(x)=x \sin \frac{1}{x}$ 在点 $x=0$ 处 ().,无定义但有极限,无定义且无极限,有定义且有极限,有定义但无极限,A
设A为n阶方阵，$r(A)=r<n$， 则在A的n个列向量中（）.,任意r个列向量都构成极大无关组,任意一个列向量都能由其他r个列向量线性表示,任意r个列向量线性无关,必有r个列向量线性无关,D
设 $y=y(x)$ 由 $\left\{\begin{array}{l}x=t+\ln (1-t) \\ g=t+2 \ln (1-t)\end{array}\right.$ 确定， 则曲线 $y=y(x)$ 在 $t=-1$对应点处的曲率半径R及曲率圆的位置.,$R=2$， 在切线的下方,$R=\frac{1}{2}$， 在切线的下方,$R=\frac{1}{2}$， 在切线的上方,$R=2$， 在切线的上方,B
下列命题正确的是,若 $\boldsymbol{\alpha}_1， \boldsymbol{\alpha}_2， \cdots， \boldsymbol{\alpha}_n$ 线性无关， 则 $\boldsymbol{\alpha}_1， \boldsymbol{\alpha}_2， \cdots， \boldsymbol{\alpha}_n$ 一定两两正交.,若 $\boldsymbol{\alpha}_1， \boldsymbol{\alpha}_2， \cdots， \boldsymbol{\alpha}_n$ 两两正交， 则 $\boldsymbol{\alpha}_1， \boldsymbol{\alpha}_2， \cdots， \boldsymbol{\alpha}_n$ 一定线性无关.,设 $\boldsymbol{\alpha}_1， \boldsymbol{\alpha}_2， \boldsymbol{\alpha}_3， \boldsymbol{\alpha}_4$ 是 3 维列向量， 且两两正交， 则其中至少有一个零向量.,若 $\boldsymbol{\alpha}_1， \boldsymbol{\alpha}_2， \cdots， \boldsymbol{\alpha}_n$ 线性相关， 则其中任一向量都可由其余向量线性表示.,C
函数 $f(x， y)=\left\{\begin{array}{ll}x \arctan \frac{y}{x}， & x \neq 0， \\ 0， & x=0\end{array}\right.$ 不连续的点集为,$x=0， y \geq 0$ 的点集,空集,$y$ 轴上的所有点,$x=0， y \leq 0$ 的点集,
⽤⼀个字节最多能编出（ ）不同的码,128个,256个,16个,8个,B
通常以太⽹采⽤了（ ）协议以⽀持总线型的结构,环型,载波侦听与冲突检测CSMA/CD,令牌环,总线型,B
如果按变址⽅式读取操作数，则有效地址是指,变址计算获得的地址,基址寄存器中存放的地址,指令中直接给出的地址,变址寄存器中存放的地址,A
世界上第⼀个⽹络是在（ ）年诞⽣,1969,1977,1973,1946,A
串⾏接⼝是指,主机和接⼝之间、接⼝和外设之间都采⽤串⾏传送,主机和接⼝之间串⾏传送，接⼝和外设之间并⾏传送,主机和接⼝之间并⾏传送，接⼝和外设之间串⾏传送,系统总线采⽤串⾏总线,C
"访问列表是路由器的⼀种安全策略,你决定⽤⼀个标准ip访问列表来做安全控制，以下为标准访问列表的例⼦为",access-list 101 deny 192.168.10.23 255.255.255.255,access-list standart 192.168.10.23,access-list 10 deny 192.168.10.23 0.0.0.0,access-list 101 deny 192.168.10.23 0.0.0.0,C
下列选项中，属于逻辑结构的是,循环队列,邻接表,散列表,⼆叉树,D
C程序的组成是,若⼲⼦程序,语句,循环体,若⼲过程,B
"你刚创建了⼀个扩展访问列表101,现在你想把它应⽤到接⼝上,通过以下哪条命令你可以把它应⽤到接⼝上",pemit access-list 101 out,access-list 101 out,apply access-list 101 out,ip access-group 101 out,D
CPU包括哪两部分,ALU和主存储器,ALU和控制器,运算器和控制器,ALU和累加器,C
线性表顺序存储时，逻辑上相邻的两个数据元素，其存储地址,⼀定不相邻,⼀定相邻,不⼀定相邻,可能不相邻,B
在计算机内部⽤机内码⽽不⽤国标码表示汉字的原因是,有些汉字的国标码不唯⼀，⽽机内码唯⼀,在有些情况下，国标码有可能造成误解,国标码是国家标准，⽽机内码是国际标准,机内码⽐国标码容易表示,B
计费服务器的ip地址在192.168.1.0/24⼦⽹内，为了保证计费服务器的安全，不允许任何⽤户telnet到该服务器，则需要配置的访问列表条⽬为,access-list 11 deny tcp 192.168.1.0 0.0.0.255 eq telnet/access-list 111 permit ip any any,access-list 111 deny tcp any 192.168.1.0 0.0.0.255 eq,access-list 111 deny tcp any 192.168.1.0 eq telnet/access-list 111 permit ip any any,access-list 111 deny udp 192.168.1.0 0.0.0.255 eq telnet/access-list 111 permit ip any any,C
使⽤⾼级语⾔编写的程序称之为,源程序,编译程序,连接程序,编辑程序,A
下列对双绞线线序568A排序正确的是,⽩绿、绿、⽩橙、兰、⽩兰、橙、⽩棕、棕,绿、⽩绿、橙、⽩橙、兰、⽩兰、棕、⽩棕,⽩橙、橙、⽩绿、兰、⽩兰、绿、⽩棕、棕,⽩橙、橙、绿、⽩兰、兰、⽩绿、⽩棕、棕,A
指令系统中采⽤不同寻址⽅式的⽬的主要是,实现存储程序和程序控制,可以直接访问外存,缩短指令⻓度，扩⼤寻址空间，提⾼编程灵活性,提供扩展操作码的可能并降低译码难度,C
在IE地址栏输⼊的“http://www.cqu.edu.cn/”中，http代表的是,资源,协议,地址,主机,B
设char str[20]；，从键盘能完整地输⼊字符串“I am a student.”的语句是,str= gets( ),"scanf( ""%c"",str)",gets(str),"scanf( "" %s"",str)",C
下列对OSI参考模型从⾼到低表述正确的是,应⽤层、传输层、互联⽹层、⽹络接⼝层,物理层、数据链路层、传输层、会话层、表示层、应⽤层、⽹络层,应⽤层、表示层、会话层、传输层、⽹络层、数据链路层、物理层,应⽤层、表示层、会话层、⽹络层、数据链路层、传输层、物理层,C
下述叙述正确的是,软件和硬件的界线不是绝对的，有时功能是等效的,软件不可⽤硬件代替,硬件系统不可⽤软件代替,计算机性能完全取决于CPU,A
对处于还原状态的Windows应⽤程序窗⼝，不能实现的操作是,移动,旋转,最⼩化,最⼤化,B
动态半导体存储器的特点是,在⼯作中存储器内容会产⽣变化,在⼯作中需要动态地改变访存地址,每次读出后，需要根据原存内容重新写⼊⼀遍,每隔⼀定时间，需要根据原存内容重新写⼊⼀遍,D
随着中国民族资本主义产生和发展，工商业者群体意识逐渐形成，作为一种新的社会力量，工商业者在创办实业、抵制洋货、收回利权、立宪运动、民主革命、抗日救亡等众多社会事务中日益显示出自身的实力和存在价值。对此，下列历史解释正确的是,工商业者是倡导革命的新中坚力量,工商业者依旧属于传统的社会群体,工商业者投身社会事务是有利可图,工商业者推动了近代中国社会发展,D
《齐民要术》自序：“盖神农为耒耜，以利天下，尧命四子，敬授民时，降命后稷，食为政首，……殷周之盛，《诗》《书》所述，要在安民，富而教之。”这段话主要强调,农业技术和重要性,历法与农业的关系,儒家对农业的重视,改进生产工具的意义,C
明隆庆初年，“抚臣涂泽民用鉴前辙，为因势利导之举，请开市舶，易私贩而为公贩，易只通东西二洋，不得往日本倭国，亦禁不得以硝黄、铜、铁违禁之物夹带出海。奉旨允行，凡三十载，幸大盗不作，而海宇宴如”。这说明当时,官府废止明初以来“海禁”,巡抚掌握对外贸易决策权,官方朝贡贸易体系已瓦解,官府有条件地开放“海禁”,D
长征期间，国内外形势发生重大变化，民族矛盾加剧，中国共产党的方针政策进行重大调整。这一调整是指,召开八七会议，确定武装反抗国民党反动派的总方针,召开七大，确立毛泽东思想的指导地位,发表“八一宣言”，号召停止内战，一致抗日,召开遵义会议，纠正“左”倾错误路线,C
《周礼·考工记》载：建造王城，九里见方，四周各三门，南北和东西大道各九条，宫城之左为宗庙，右为社稷，前为朝，后为市。它体现的主要思想是,中正有序,中央集权,敬天法祖,君权神授,A
在中国古代，褒扬官员德行和政绩，往往称其人为“民之父母”，官员亦以“为民父母”“爱民如子”作为执政的理想境界。这一现象反映出,官员考核主要依据民本思想,“家天下”观念的政治影响,官民之间具有共同政治诉求,宗族关系已成为执政的基础,B
李鸿章在《示文儿》一信中说：“年来国事日非……受人凌辱之原因，莫外乎不谙世事，默守陈法，藏身于文字之间，而卑视工商。岂知世界文明，工商业较重于文字，窥各国之强盛，无独不然。”对材料理解正确的是,“受人凌辱”指的是中国甲午战败,体现了挽救民族危机的愿望,洋务运动抵制了西方的侵略,作者认识到发展工商业的重要性,D
《太平寰宇记》记载当时全国户数：秦岭、淮河以南的户数占全国的59.1%，以北为40.9%。10万户以上的州和府，北方有2处，南方有3处；5万户到10万户的州，北方有5处，南方有17处。南多北少的户口分布格局至此定型。据此判断，《太平寰宇记》成书于,宋代,汉代,秦代,隋代,A
从1876年中英协商《烟台条约》的具体条款开始，英国就要求重庆立即对外通商，力图打开中国西部腹地的市场。中方谈判首脑李鸿章转弯抹角地回应：“轮船未抵重庆以前，英国商民不得在彼居住，开设行栈。”李鸿章此话的主要意图是,借助英国开发西部市场,利用英国开通川江航运,变相地接受英国商民到重庆居住通商,以轮船通航为条件拖延重庆对外通商,D
1959年5月15日，陈云在写给毛泽东的信中提到教训时说：“……把生产数字定得少一点（实际是可靠数字），会泄气，我看也不见得。正如少奇同志在政治局讲的，定高了，做不到，反而会泄气。”据此，你认为上面的应该是,共产风,浮夸风,高速度,高指标,D
1919年11月，全国各界联合会在上海成立，发表宣言：“数月以来，国内之群众运动，风起云涌，虽受种种压迫，而前仆后继，不少顾却；大义当前，绝不退让……全国各地，知合群自救为万不可缓之图。”这说明，当时参加联合会的各界团体,对社会改造道路认识趋于一致,反思资产阶级个人主义的弊端,接受了马克思主义,爱国觉悟得到提高,D
晚清时期清政府实行专利制度，允许企业享有长时间生产经营垄断权。1912年北京政府规定专利保护期限最高为5年。后财政总长周学熙等为其所设公司申请30年的专利权时，未获批准。这反映了民国初期,中央政府限制官营商业的发展,建立了系统完善的经济法制体系,经济法规得以完全遵照执行,经济立法鼓励工商业自由竞争,D
清代有女诗人作诗曰：“人生德与才，兼备方为普。独至评闺材，持论恒相反。有德才可骇俗(兼有)，有才德反损……我意颇不然，此论殊褊浅。”这反映了在清代女性中,德才兼备成为主要的评价标准,产生了维护自身权益的诉求,男女平等思想被普遍接受,出现了对传统伦理思想的反思,D
下列改革中，实现了富国强兵，“倾邻国而雄诸侯”的是,北魏孝文帝改革,商鞅变法,王安石变法,汉武帝改革,B
朱熹在《漳州劝农文》中说：“请诸父老，常为解说，使后生弟子，知所遵守，去恶从善，取是舍非，爱惜体肤，保守家业”。在此，朱熹,告诫乡亲去恶从善以“慎思明辨”,劝导百姓遵循一种“理性”的生活秩序,灌输以农兴业思想以存“天理”,教诲后生弟子遵从“三纲五常”,B
下列说法正确的是,I的原子半径大于Br，HI比HBr的热稳定性强,P的非金属性强于Si，H3PO4比H2SiO3的酸性强,Al2O3和MgO均可与NaOH溶液反应,SO2和SO3混合气体通入Ba(NO3)2溶液可得到BaSO3和BaSO4,B
下列相关实验不能达到预期目的的是,相关实验:把装有颜色相同的NO2和N2O4混合气体的两支试管(密封)分别浸入冷水和热水中。预期目的:探究温度对化学平衡的影响。,相关实验:相同温度下，等质量的大理石块、大理石粉分别与等体积、等浓度的盐酸反应。预期目的:探究接触面积对化学反应速率的影响。,相关实验:两支试管中装有等体积、等浓度的H2O2溶液，向其中一支试管中加入FeCl3溶液。预期目的:探究FeCl3溶液对H2O2分解速率的影响。,相关实验:在蔗糖中加入稀硫酸，水浴加热，再加入新制的氢氧化铜悬浊液并加热。预期目的:探究蔗糖水解产物具有还原性。,D
下列说法中正确的是,电子层数相同的原子核外电子排布，其最外层电子数呈现从1→8的周期性变化,元素性质的周期性变化是指原子半径、元素的主要化合价及原子核外电子排布的周期性变化,从Li→F，Na→Cl，元素的最高化合价均呈现从＋1价→＋7价的变化,元素性质的周期性变化决定于元素原子结构的周期性变化,D
下列两种物质间发生反应，消耗等物质的量的酸，产生气体最多的是,木炭与浓硝酸,铜与稀硝酸,锌与稀硫酸,木炭与浓硫酸,D
下列实验操作或者结论正确的是,配制一定物质的量浓度的溶液时，容量瓶必须洁净、干燥、不漏水,实验室配制500 mL 0.2 mol·L^－1的硫酸亚铁溶液，其操作是：用天平称27.8 g绿矾，放入500 mL容量瓶，加水溶解、稀释、定容、摇匀,实验室里需要480 mL 2.0 mol·L^－1的氢氧化钠溶液，配制溶液时先称量氢氧化钠固体38.4 g，然后再按照溶解、冷却、移液、定容、摇匀等步骤进行操作,25 °C时，用惰性电极电解某浓度的NaOH溶液，一小段时间后，NaOH溶液的浓度可能增大，也可能不变,D
《神农本草经》说：“水银……镕化(加热)还复为丹。”《黄帝九鼎神丹经》中的“柔丹”、“伏丹”都是在土釜中加热Hg制得的。这里的“丹”是指,合金,氯化物,硫化物,氧化物,D
短周期元素X、Y、Z具有如下所列性质：X单质与水发生剧烈的反应。Y最高价氧化物对应水化物(Q)是强酸。Z主要化合价为－2、＋6。则下列说法中正确的是,Q与锌作用时一定能生成氢气,与水反应时，X的单质一定被氧化,符合条件的Y元素只有一种,X、Z的单质在一定条件下能反应,D
下列关于实验操作的说法正确的是,盛放NaOH溶液时，使用带玻璃塞的磨口瓶,使用容量瓶配制溶液时，俯视刻度线定容后所得溶液浓度偏高,用苯萃取溴水中的溴时，将溴的苯溶液从分液漏斗下口放出,证明一瓶红棕色气体是溴蒸气还是二氧化氮，可用湿润的碘化钾淀粉试纸检验，观察试纸颜色的变化,B
下列每个选项中，甲、乙两个反应属于同一种反应类型的是,甲:乙甲烷与氯气反应制备四氯化碳。乙：乙烯通入酸性KMnO4溶液中。,甲:葡萄糖与新制Cu(OH)2悬浊液作用转化为葡萄糖酸。乙：苯与液溴反应制备溴苯。,甲:乙醇转化为乙。乙：乙烯与HCl作用制备氯乙烷。,甲:乙酸乙酯在稀硫酸存在下与水反应。乙：乙醇与冰醋酸反应生成乙酸乙酯。,D
下列叙述正确的,利用化学方法，我们可以制造出新的分子，但不能制造出新的原子,向溶液中加入BaCl2溶液，产生不溶于硝酸的白色沉淀，该溶液中一定含有Ag＋,明矾水解时产生具有吸附性的胶体粒子，故明矾可作漂白剂,“低碳经济”提倡大量使用煤、石油、天然气等化石燃料,A
化学与科学、技术、社会、环境密切相关。下列有关说法错误的是,为防止中秋月饼等富脂食品因被氧化而变质，常在包装袋中放入生石灰或硅胶,国庆节期间燃放的焰火的颜色是某些金属元素焰色反应所呈现出来的色彩,小苏打是制作馒头和面包等糕点的膨松剂，还是治疗胃酸过多的一种药剂,青铜是我国使用最早的合金材料，目前世界上使用量最大的合金材料是钢铁,A
设NA表示阿伏加德罗常数的值，下列关于7.8 g过氧化钠固体的说法正确的是,与足量的CO2反应，转移电子数为0.1NA,其中所含离子总数为0.4NA,与足量的H2O反应，生成O2分子数为0.1NA,其中所含电子总数为0.4NA,A
五种短周期主族元素X、Y、Z、W、M，它们的原子序数依次增大；其中X、W同主族，Y和M同主族；Y、M质子数之和是X、W质子数之和的2倍。下列说法中正确的是,Z在元素周期表中的位置是第二周期ⅥA族,与X形成化合物的稳定性Z＞Y＞M,单质Y和W在常温下化合生成W2Y2,M、W、Y所形成的化合物水溶液呈碱性,B
我国古代文献资料中记载了大量的化学研究过程与成果。下列选项不涉及化学变化的是,原文：水火既济而土和。解释：黏土烧结成陶瓷。,原文：欲去杂还纯，再入水煎炼，倾入盆中，经宿成白雪。解释：重结晶方法提纯物质。,原文：以曾青凃铁，铁赤色如铜。解释：金属的置换。,原文：丹砂烧之成水银，积变又还成丹砂。解释：物质间转化的可逆性。,B
下列各组变化中，前者是物理变化，后者是化学变化的是,碘的升华、石油的分馏,蛋白质溶液中加饱和(NH4)2SO4溶液、蓝色的胆矾常温下变白,NH4Cl溶液除铁锈、食盐水导电,热的饱和KNO3溶液降温析出晶体、二硫化碳洗涤试管内壁上的硫,B
下列叙述正确的是,0.1 mol·L－^1CH3COONa溶液中：c(Na＋)>c(CH3COO－)>c(H＋)>c(OH－),pH＝5的CH3COOH溶液和pH＝5的NH4Cl溶液中，c(H＋)不相等,在Na2S溶液中加入AgCl固体，溶液中c(S2－)下降,Na2CO3溶液加水稀释后，恢复至原温度，pH和Kw均减小,C
列物质的使用不涉及化学变化的是,明矾用作净水剂,生石灰作干燥剂,液氨用作制冷剂,氢氟酸刻蚀玻璃,C
关于离子交换法净化水的过程，下列说'法中错误的是,通过净化处理后，水的导电性降低,阴离子树脂填充段存在反应H+ + OH- = H2O,水中的NO2、SO42-，Cl-通过阴离子树脂后被除,经过阳离子交换树脂后，水中阳离子的总数不变,D
“春蚕到死丝方尽，蜡炬成灰泪始干”是唐代诗人李商隐的著名诗句，下列关于该诗句中所涉及物质的说法错误的是,蚕丝的主要成分是蛋白质,古代的蜡是高级脂肪酸酯，属于高分子聚合物,蚕丝属于天热高分子材料,“蜡炬成灰”过程中发生了氧化反应,B
下列有关实验原理、方法和结论都正确的是,用蒸馏水、酚酞、BaCl2溶液和已知浓度盐酸标准液作试剂，可测定NaOH固体(杂质仅为Na2CO3)的纯度,实验室中的CCl4含有少量溴，加适量的苯，振荡、静置后分液，可除去CCl4中的溴,已知Cu2O＋2H＋===Cu2＋＋Cu＋H2O，氢气还原氧化铜后所得红色固体能完全溶于稀硝酸，说明还原产物是铜,取一定量水垢加盐酸，生成能使澄清石灰水变浑浊的气体，说明水垢的主要成分为CaCO3、MgCO3,A
下列物质性质与应用对应关系正确的是,水玻璃易溶于水，可用于生产黏合剂和防火剂,明矾溶于水能产生Al(OH)3胶体，可用作净水剂,钠和钾的合金具有导电性，可用于快中子反应堆热交换剂,甲醛能使蛋白质变性，可用于食品防腐剂,B
类推法在化学学习中经常采用，下列类推的结论正确的是,由常温下金属钠、铝可溶于NaOH溶液，可知金属镁也能溶于NaOH溶液,常温下，由Cu＋4HNO3(浓)===Cu(NO3)2＋2NO2↑＋2H2O，所以Fe也能与浓硝酸反应产生NO2,由钠保存在煤油中，所以钾也可以保存在煤油中,由Cl2＋2KBr===2KCl＋Br2，所以F2也能与KBr溶液反应置换出Br2,C
下列化合物的分子中，所有原子可能共平面的是,甲苯,乙烷,1，3-丁二烯,丙炔,C
下列说法正确的是,将石蜡油(液态烷烃混合物)加强热分解生成的气体都是烷烃,甲苯能够使溴的四氯化碳溶液和酸性高锰酸钾溶液褪色,乙醇能够被酸性的高锰酸钾溶液直接氧化成乙酸,乙烷与氯气在光照条件下发生加成反应,C
下列变化不能说明发生了化学变化的是,变化时释放或吸收能量,变化时有电子的得失或共用电子对的形成,变化过程中有化学键的断裂和形成,变化前后原子的种类和数目没有改变，分子种类增加了,A
下列说法正确的是,用玻璃棒蘸取某溶液做焰色反应实验，火焰呈黄色并不能说明该溶液中含有钠元素,测氯水的pH值，可用干燥洁净的玻璃棒蘸取氯水点在pH试纸上，待其变色后和标准比色卡比较,实验室从海带中提取单质碘的方法是：取样→灼烧→溶解→过滤→萃取,配制浓硫酸、浓硝酸的混酸时，应将浓硝酸沿玻璃棒缓慢注入浓硫酸中,A
下列有关变化过程的叙述不正确的是,用“地沟油”纯化生产“生物燃油”的过程发生的是化学变化,从海水中提取镁必须通过化学反应才能实现,用侯氏制碱法制纯碱必须通过化学反应才能实现,激光法蒸发石墨得C60发生的是化学变化,A
古代的很多成语、谚语都蕴含着很多科学知识，下列对成语、谚语的解释正确的是,“玉不琢不成器”，“百炼方能成钢”发生的均为化学变化,“火树银花”中的焰火实质上是金属元素的焰色反应,“甘之如饴”说明糖类均有甜味,“爆竹声中除旧岁，春风送暖入屠苏”。爆竹爆炸发生的是分解反应,B
"设集合$M=\left\{ -1,0,2,8 \right\},N=\left\{x|x\leqslant 2 \right\}$ ，则 $M\cap N =$","{—1,0,1}","{0,1,2}","{0,1}","{—1,0,1,2}",D
命题“若⼀个数是负数，则它的平⽅是正数”的逆命题是,“若⼀个数的平⽅是正数，则它是负数”,“若⼀个数不是负数，则它的平⽅不是正数”,“若⼀个数是负数，则它的平⽅不是正数”,“若⼀个数的平⽅不是正数，则它不是负数”,A
若数列${a_n}$的通项公式是$a_n=2(n+1)+3$则此数列,是公差为5的等差数列,不是等差数列,是公差为2的等差数列,是公差为3的等差数列,C
在△ABC中，a，b，c分别是⻆A，B，C所对的边，且a＝6，b＝8，A＝30°，则满⾜条件的三⻆形有,无数个,1个,0个,2个,D
设$\bigtriangleup ABC$的内角A，B，C所对边的长分别是a，b，c，若$a^{2}=b^{2}+c^{2}-bc$，则A=,$2\frac{\pi}{3}$,$\frac{\pi}{4}$,$\frac{\pi}{6}$,$\frac{\pi}{3}$,D
下列正确的是,{0}=0,0属于{0},以上都不对,0真包含于{0},B
设等比数列{a_n}的前n项的和为S_n，若S_10:S_5=1:2，则S_15:S_5等于,02:03:00,01:03:00,01:02:00,03:04:00,D
某学院的A，B，C三个专业共有1200名学⽣，为了调查这些学⽣勤⼯俭学的情况，拟采⽤分层抽样的⽅法抽取⼀个容量为120的样本．已知该学院的A专业有380名学⽣，B专业有420名学⽣，则在该学院的C专业应抽取的学⽣是,120名,38名,40名,42名,A
"已知a=log_{2}0.2, b=2^0.2, c=0.2^0.3，则",a<b<c,c<a<b,b<c<a,a<c<b,D
某校现有⾼⼀学⽣210⼈，⾼⼆学⽣270⼈，⾼三学⽣300⼈，⽤分层抽样的⽅法从这三个年级的学⽣中随机抽取n名学⽣进⾏问卷调查，如果已知从⾼⼀学⽣中抽取的⼈数为7，那么从⾼三学⽣中抽取的⼈数应为,9,26,25,10,D
下列元素中属于集合{x|x=2k k是⾃然数}的是,-2,3,10,7,C
"在$\bigtriangleup ABC$中，$cos\frac{C}{2}=\frac{\sqrt{5}}{5},BC=1, AC=5$，则AB等于",$2\sqrt{5}$,$4\sqrt{2}$,$\sqrt{29}$,$\sqrt{30}$,B
"若x\in R, 则“x>1” 是 ""|x|>1""的",既⾮充分也⾮必要条件,充分⾮必要条件,充分必要条件,必要⾮充分条件,B
在集合﹛1，2，3，4…，10﹜中任取⼀个元素，所取元素恰好满⾜⽅程cos（30°•x ）= 1/2 的概率为,44931,44930,44932,44929,A
下列求导运算正确的事,(x^3)'=3x^2,(x^2 cos(x))'=-2xsin(x),(x^2+1)'=2x+1,(1/x)'=1/x^2,A
已知函数$f(3x)=log_{2}\sqrt{(9x+1)/2}，则f(1)的值为,44928,2,1,log_{2}\sqrt{5},A
函数$y=log(x^{2}-1)$的定义域是,"$[-1,1]$","$(-\infty ,-1]\cup[1,+\infty)$","$(-\infty ,-1)\cup(1,+\infty)$","$(-1,1)$",C
已知集合$A={x|y=\sqrt{4-x^4}}$，集合$B={x|x>=a}$，则$A\subseteq B$的一个充分不必要条件是,"(-\inf,-2)","[2,+\inf)","(-\inf,-2]","(2,+?)",A
在空间中，下列命题正确的是,平⾏于同⼀直线的两个平⾯平⾏,垂直于同⼀平⾯的两条直线平⾏,平⾏于同⼀平⾯的两条直线平⾏,垂直于同⼀直线的两条直线平⾏,B
在正方体ABCD-A1B2C1D1中，BB1与平面ACD1所成角的余弦值为,\sqrt{3}/2,44960,\sqrt{2}/3,\sqrt{6}/3,D
圆x^2+y^2-2x-2y+1=0上的点到直线x-y=2的距离最大的是,1+2\sqrt{2},2,1+\sqrt{2}/2,1+\sqrt{2},D
若$\sin\alpha * \cos\alpha > 0$，则\alpha在,第一、四象限,第一、二象限,第一、三象限,第二、四象限,C
同时抛掷两枚质地均匀的硬币，则出现两个正面朝上的概率是,$\frac{1}{8}$,$\frac{1}{4}$,$\frac{1}{2}$,$\frac{1}{3}$,B
在三角形ABC中，sinA:sinB:sinC=3:2:4，则cosC的值为,-0.6666666666666666,-0.25,44960,44930,B
"600是数列1*2,2*3,3*4，...的第",25项,24项,30项,20项,B
"设$z=(3-i)/(1+2i)$,则|z|=",2,1,sqrt{3},sqrt{2},D
"设$\bigtriangleup ABC$的内角A，B，C所对边的长分别是a，b，c，且$f(A)=\sqrt{3}sinA-cosA+2$，若$f(A)=3,a=\sqrt{6}, S_{\bigtriangleup ABC}=\sqrt{3}$，则$\bigtriangleup ABC$的周长是",$3\sqrt{3}+\sqrt{6}$,$2\sqrt{2}+\sqrt{6}$,$3\sqrt{2}+\sqrt{6}$,$2\sqrt{3}+\sqrt{6}$,C
"已知空间直⻆坐标系中三点$A(0,1,0),M(\sqrt{2},1,0),N(0,3,\sqrt{2}),O$为坐标原点，则直线 OA 与 MN 所成⻆的余弦值为",\frac{\sqrt{2}}{2},$\frac{\sqrt{6}+\sqrt{2}}{4}$,$\frac{\sqrt{3}}{2}$,0,A
$\cos{\alpha}=4/5$，\alpha 为第四象限角，则$\tan{\alpha}$的值为,-1.3333333333333333,$\pm 4/3$,-0.75,$\pm 3/4$,C
"已知x>0, y>0, x+2y+2xy=8, 则x+2y的最小值是",5.5,3,4,4.5,C
在$\bigtriangleup ABC$中，若c=1，$a=\sqrt{3}$，$\angle A=\frac{2\pi}{3}$，则b为,1,$\frac{\sqrt{10}}{2}$,$\sqrt{7}$,2,A
函数$y=\sqrt{2x+1} + \sqrt{3-4x}$的定义域为,"(-\infty, 1/2]","(-1/2, 3/4)","(1/2,0)\cup (0, \infty)","[-1/2, 3/4]",D
$cos\frac{7}{6}\pi=$,$-\frac{1}{2}$,$\frac{1}{2}$,$-\frac{\sqrt{3}}{2}$,$\frac{\sqrt{3}}{2}$,C
$\frac{1+2i}{1-2i}$等于,$-\frac{3}{5}-\frac{4}{5}i$,$-\frac{4}{5}+\frac{3}{5}i$,$-\frac{3}{5}+\frac{4}{5}i$,$-\frac{4}{5}-\frac{3}{5}i$,C
"把函数y=sin(2x-pi/4)的图像向右平移pi/8,所得到的图像对应的函数为",非奇非偶函数,奇函数,偶函数,既是奇函数又是偶函数,C
在1，2，3，…，10这10个数字中，任取3个数字，那么“这三个数字的和⼤于6”这⼀事件是,以上选项均不正确,必然事件,不可能事件,随机事件,D
"在锐角三角形ABC中，a=1, B=2A，则边b的取值范围为","(sqrt(2),sqrt(3))","(1,2)","(2,3)","(1,3)",A
下列⼏个命题中，①两个⾯平⾏且相似，其余各⾯都是梯形的多⾯体是棱台；②有两个⾯互相平⾏，其余四个⾯都是等腰梯形的六⾯体是棱台；③各侧⾯都是正⽅形的四棱柱⼀定是正⽅体；④分别以矩形两条不等的边所在直线为旋转轴，将矩形旋转，所得到的两个圆柱是两个不同的圆柱。其中正确的有几个。,2,1,4,3,B
有关季⻛的正确叙述是,我国只受东南季⻛的影响,季⻛⽓候都是夏季⾼温多⾬，冬季寒冷⼲燥。,季⻛环流不属于⼤⽓环流,海陆热⼒性质的差异是形成季⻛的重要因素,D
我国⻄北地区某地⽇光温室种植⻩⽠有膜下滴灌、膜下沟灌和沟灌三种灌溉⽅式。膜下滴灌和膜下沟灌是先将⽔灌⼊蓄⽔池中，再给作物根部供⽔，沟灌直接⽤井⽔灌溉，⽥间没有蓄⽔池。病⾍害发⽣程度与⽇光温室的相对湿度有关。膜下滴灌灌⽔⽣产效率最⾼的原因是：a灌⽔量⼩；b蓄⽔池保湿作⽤强；c地膜减少⽔分蒸发；d深层下渗作⽤强,bd,cd,ab,ac,D
世界桥梁最多的城市是,威尼斯,杭州,巴黎,东京,A
下列关于⼤洲的叙述正确的是,非洲的中部和南部是⿊种⼈的故乡,南美洲⽓候南北对称分布,北美洲是世界三⼤宗教的发源地,巴拿⻢运河是亚洲与非洲的分界线,A
世界最深的河谷是,卡利甘达基峡谷,雅鲁藏布江河谷,塔拉河峡谷,淡水河谷,B
导致⽔资源不⾜和⽤⽔紧张的原因是多⽅⾯的，下列说法中与此⽆关的是,兴修⽔利⼯程,⽔污染、⽔浪费严重,⽔资源时空分布不均,⼈类对淡⽔的需求量增⼤,A
下列诗句中，描述⽓候的是,忽如⼀夜春⻛来，千树万树梨花开,夜来⻛⾬声，花落知多少,⼈间四⽉芳菲尽，⼭寺桃花始盛开,东边⽇出⻄边⾬，道是⽆晴却有晴,C
资源型城市是以矿产、森林等⾃然资源开采与加⼯为主导产业的城市，往往会经历从兴起到衰退的过程。资源型城市的共性特点是,资源枯竭，产业效益下降,经济总量不⾜，地⽅财⼒薄弱,产业结构单⼀，资源产业萎缩,采掘业产值占⼯业总产值⽐重较⼤,D
哥本哈根会议向全⼈类提出了“低碳减排”要求，以下做法符合这个要求的（）a烧煤做饭改为烧柴；；b发展沼⽓，改变能源结构；；c街道彻夜灯⽕辉煌；d发展循环经济，提倡清洁⽣产；e经常使⽤⼀次性⽤具。,ac,cd,bd,de,C
新疆优质煤源储量相对不⾜，为保证稳定供给⻄南地区优质煤炭的合理措施是,发展燃⽓电⼒，节省优质煤炭资源,促进煤炭加⼯转换，提⾼附加值,实施疆内“北煤南运”，置换输出,发展集装箱运煤，减少运输损耗,C
应急产业是为突发事件预防与准备、监测与预警、处置与救援提供专业产品和服务的产业。调查发现，应急产业的相关发明专利申请数量较少。2015年，国家开始培育应急产业示范基地，截⾄2020年1⽉，全国仅公布了20家应急产业示范基地，涉及16个地区。我国应急产业相关市场发展潜⼒⼤，其原因不包括,社会经济快速发展，⽣产⽣活、交通安全事故频发,我国⾃然灾害种类多，频次⾼，范围⼴,我国地域⼴阔，⾃然资源丰富,信息⽹络技术快速发展，信息安全事故多,C
地球是我们的家园，⽉球绕地球转，地球绕太阳转，太阳是银河系的⼀颗普通恒星。上述涉及的天体系统层次有,两个,三个,四个,⼀个,B
关于全球变暖的说法正确的是,保护⾬林是减少CO2含量的有效措施,内陆国家距海遥远，不必考虑海平⾯上升和⽓候变暖的影响,全球变暖会使⼤⽓降⽔增多，农作物增产,⾼纬度国家不需要防治全球变暖,A
2015年4⽉25⽇，南亚国尼泊尔发⽣8.1级地震，⼤量外国游客被迫滞留尼泊尔境内，地震发⽣后，中国启动撤侨事宜，接回中国游客，确保中国海外侨⺠的安全，从经济发展⽔平来看，尼泊尔属于,资本主义国家,社会主义国家,发达国家,发展中国家,D
21世纪初期波兰纺织业向现代化转型主要体现在,淘汰纺织业基础产业部⻔,专注纺织业链条⾼端环节,国际市场拓展和品牌建设,产业结构调整和技术升级,D
世界最小的海是,波罗的海,马尔马拉海,里海,地中海,B
⼀直被视为中国南⽅地区和北⽅地区分界线的⼭脉是,大兴安岭,天山山脉,秦岭,巫山,C
世界盐度最低的海是,死海,东海,波罗的海,黄海,C
"在二分类问题中，当测试集的正例和负例数量不均衡时，以下评价方案哪个是相对不合理的（假设precision=TP/(TP+FP),recall=TP/(TP+FN)。）",F-值:2recallprecision/(recall+precision),G-mean:sqrt(precision*recall),准确性:(TP+TN)/all,AUC:ROC曲线下面积,C
深度学习中遇见过拟合下列哪个处理办法不可取,加dropout层,加深层数,数据增强,加正则项,B
假设我们有一个数据集，在一个深度为 6 的决策树的帮助下，它可以使用 100% 的精确度被训练。现在考虑一下两点，并基于这两点选择正确的选项。1.深度为 4 时将有高偏差和低方差；2.深度为 4 时将有低偏差和低方差。注意：所有其他超参数是相同的，所有其他因子不受影响。,1 和 2,只有 2,没有一个,只有 1,D
下列哪些方法不可以用来对高维数据进行降维,LASSO,Bagging,主成分分析法,聚类分析,B
机器学习中L1正则化和L2正则化的区别是,使用L1可以得到稀疏、平滑的权值,使用L2可以得到稀疏、平滑的权值,使用L1可以得到稀疏的权值、使用L2可以得到平滑的权值,使用L2可以得到稀疏的权值、使用L1可以得到平滑的权值,C
下列关于隐马模型和条件随机场模型的说法中错误的是?,隐马模型和隐马模型隐可用于命名实体识别、分词和词性标注的任务,隐马模型和隐马模型都是生成模型,隐马模型不是概率无向图模型,特征的选取和优化会严重影响隐马模型的结果,B
下面哪个/些超参数的增加可能会造成随机森林数据过拟合,学习速率,树的数量,树的深度,以上都不是,C
下面关于迭代二叉树3代算法中说法错误的是,迭代二叉树3代算法是一个二叉树模型,信息增益可以用熵，而不是GINI系数来计算,迭代二叉树3代算法要求特征必须离散化,选取信息增益最大的特征，作为树的根节点,A
下面哪个/些选项对 K 折交叉验证的描述是正确的,如果 K=N，那么其称为留一交叉验证，其中 N 为验证集中的样本数量,更大的 K 值相比于小 K 值将对交叉验证结构有更高的信心,以上都是,增大 K 将导致交叉验证结果时需要更多的时间,C
已知有m个样本，进行n（n<=m）次采样。bootstrap数据是什么意思？,无放回地从总共N个样本中抽样n个样本,无放回地从总共M个特征中抽样m个特征,有放回地从总共N个样本中抽样n个样本,有放回地从总共M个特征中抽样m个特征,C
如果以特征向量的相关系数作为模式相似性测度，则影响聚类算法结果的主要因素有,量纲,已知类别样本质量,以上都不是,分类准则,D
模型训练过程中，我们一般将数据分成,验证集,测试集,训练集,其他选项均可,D
你正在使用带有 L1 正则化的 logistic 回归做二分类，其中 C 是正则化参数，w1 和 w2 是 x1 和 x2 的系数。当你把 C 值从 0 增加至非常大的值时，下面哪个选项是正确的,第一个 w1 成了 0，接着 w2 也成了 0,w1 和 w2 同时成了 0,第一个 w2 成了 0，接着 w1 也成了 0,即使在 C 成为大值之后，w1 和 w2 都不能成 0,D
下列方法中，不可以用于特征降维的方法包括,深度学习SparseAutoEncoder,矩阵奇异值分解SVD,线性判别分析,主成分分析,A
贝叶斯定理求得是什么概率?,先验概率,其它选项都不是,条件概率,联合概率,C
在机器学习中，解释学习器泛化性能中经常用到偏差-方差分解，下列说法不正确的是,方差体现的是学习器预测的稳定性,偏差体现的是学习器预测的准确度,泛化性能是由学习算法的能力、数据的充分性以及学习任务本身的难度所共同决定的,方差指的是预测的期望值与真实值的偏差,D
假如你用logistic Regression 算法去预测电脑销量，当你在新的测试集上验证你的假设时，发现预测值有很大的偏差，并且你的假设在训练集上表现也很差，下面那些步骤你应该避免采纳,尝试着减小正则项 λ,尝试增加交叉特征,增大样本量,尝试更小的测试集或者特征,D
影响基本K-均值算法的主要因素有,初始类中心的选取,聚类准则,样本输入顺序,模式相似性测度,D
高斯混合模型(GMM)是一种什么模型,无监督学习模型,其他选项都不是,半监督学习模型,有监督学习模型,A
关于减轻处罚，下列说法错误的有,犯罪分子不具有法定减轻处罚情节的，绝对不能在法定刑以下判处刑罚,犯罪分子具有减轻处罚情节，但是其所犯之罪具有数个量刑幅度的，只能在法定量刑幅度的下一个量刑幅度内判处刑罚,犯罪分子既有减轻处罚情节，也有从轻处罚情节的，也只能在法定量刑幅度的下一个量刑幅度内判处刑罚,犯罪分子具有减轻处罚情节的，应当在法定刑以下判处刑罚,A
甲、乙、丙、丁组成的合伙组织欠戊30万元债务，则下列表述正确的是,丁仅对自己应当承担的债务份额清偿债务,戊应当按照合伙组织内部按比例偿还债务的约定行使债权,乙有义务清偿欠戊的30万元债务,甲、丙可以不必取得戊的同意而仅清偿20万元债务,C
下列选项中，属于消极义务的是,邻人对他人装修房屋产生噪声的容忍,给付财产,完成工作成果,交付货款,A
下列说法正确的是,丙非法从事资金支付结算业务，获利20万元，丙构成非法经营罪,丁为了能够被破格提拔，买了一辆假冒某名牌的摩托车送给教育局局长印某。丁的行为构成诈骗罪,村长甲将收缴的计划生育罚款1万元占为己有，构成职务侵占罪,乙受黄某之托将价值5万元的手表送给朱某，乙在路上让他人捆绑自己，伪造了抢劫现场，将表占为己有。报案后，乙向警方说自己被抢。乙的行为构成诈骗罪,A
下列选项中，属于合同履行中的附随义务的是,丁将电脑借给同学使用，并告知电脑偶尔有死机的事实,乙按照约定向卖方支付货款,货栈负责人甲接受委托出卖一批商品，甲将货物售卖情况告知委托人,丙去购车，车行交付汽车的同时交给丙购车发票,A
下列说法正确的是,丙认为其妻子被魔鬼附体，只有用火烧，魔鬼才能逃离，为了拯救其妻子，便在其妻子身上浇上汽油，结果将其妻子烧死。由于丙存在迷信思想，属于迷信犯，不构成犯罪,丁误把一个男子当作女子实施强奸，丁构成强奸罪未遂,甲为了让其仇人卢某死亡，便到庙里祈祷让神杀死卢某，因被人发现而被抓获，甲构成故意杀人罪未遂,乙为了杀死周某，买了砒霜放到周某的水杯里，因砒霜失效，周某没有中毒。由于砒霜失效不可能致使周某死亡，故乙不构成犯罪,B
盗窃正在使用中的公路上的井盖的行为，构成,以危险方法危害公共安全罪,破坏交通工具罪,破坏交通设施罪,盗窃罪,C
甲因犯盗窃罪被逮捕，在侦查人员对其审讯期间，甲供述了司法机关尚未掌握的其和乙在火车上持枪抢劫的事实，并协助侦查人员将乙抓获。对甲的抢劫罪,应当从轻或者免除处罚,应当减轻或者免除处罚,可以从轻或者减轻处罚,可以减轻或者免除处罚,D
根据《商标法》的有关规定，商标专用权的保护期限是,15年,20年,30年,10年,D
俞某向孙某声称要购买80克海洛因，孙某便从外地购买了80克海洛因。到达约定交货地点后，俞某掏出仿真手枪威胁孙某，从孙某手中夺取了80克海洛因。此后半年内，因没有找到买主，俞某一直持有80克海洛因。半年后，俞某将80克海洛因送给其毒瘾很大的朋友钱某，钱某因过量吸食海洛因而死亡。关于本案，下列说法正确的是,对俞某应当按照贩卖毒品罪定罪处罚,对俞某应当按照非法持有毒品罪定罪处罚,对俞某应当按照抢劫罪加重构成定罪处罚,对俞某应当按照抢劫罪定罪处罚，但是不属于持枪抢劫,D
以暴力、威胁方法阻碍红十字会工作人员依法履行职责，构成妨害公务罪，必须,情节严重,致人重伤或死亡,造成严重后果,在自然灾害和突发事件中,D
根据《著作权法》的有关规定，下列选项中，不属于邻接权的是,播放者权,表演者权,展览者权,出版者权,C
以营利为目的是犯罪的必备要件的有,洗钱罪,侵犯著作权罪,生产、销售伪劣产品罪,假冒注册商标罪,B
关于收买被拐卖的妇女、儿童罪，下列说法正确的有,对被买儿童没有虐待行为，不阻碍对其进行解救的，可以从轻处罚或者减轻处罚,按照被买妇女的意愿，不阻碍其返回原居住地的，可以从轻、减轻或者免除处罚,对被买儿童，只要不阻碍对其进行解救的，就从轻处罚,对被买儿童没有虐待行为，不阻碍对其进行解救的，可以从轻处罚,D
根据婚姻法规定，中止离婚父母一方行使对子女探望权的实质条件是,不利于子女的身心健康,探望权人居无定所,探望权人未及时给付抚养费,离婚父母之间的关系极端恶化,A
甲将其收藏的一幅齐白石的遗画卖给乙，价金为5万元。甲将价金债权转让给丙并通知了乙。履行期届至前，该画灭失。则,乙不得解除合同并不得拒绝丙的给付请求,乙不得解除合同但得拒绝丙的给付请求,乙得对甲主张解除合同，但不得拒绝丙的给付请求,乙得解除合同并拒绝丙的给付请求,D
绑架妇女、儿童的，可以构成,绑架妇女、儿童罪,绑架罪,绑架罪或者拐卖妇女、儿童罪,绑架罪或者偷盗婴幼儿罪,C
根据《专利法》的有关规定，下列选项表述正确的是,实用新型专利的保护期限是20年，而不是10年,授予发明专利的实体条件包括该发明必须具备新颖性、独创性和实用性特征,强制许可制度仅仅适用于发明和实用新型，而不适用于外观设计,外观设计专利仅仅适用于本国优先权，而不适用于外国优先权,C
行为人甲看到股票交易所的椅子上坐着乙和丙，他们面前放着一个手提包，乙在睡觉，丙在看交易信息。甲以为手提包是乙的，遂上前将手提包拿走，被丙发现。手提包实际上是丙的，丙害怕被甲报复，看着手提包被甲拿走而没有喊叫。甲的行为构成,诈骗罪,盗窃罪,侵占罪,抢夺罪,B
下列选项中，构成刑法中的正当化事由的是,黑夜中的乙以为对方是自己的丈夫而同意发生性关系,甲经过乙的同意将乙的一批货物销毁,医生经病人同意对其实施“安乐死”,丙挑拨丁攻击自己，然后拔刀将丁刺成重伤,B
关于老年人犯罪，下列说法正确的有,已满75岁的人犯罪的，应当一律减轻处罚,已满75岁的人过失犯罪的，应当从轻或者减轻处罚,已满75岁的人故意犯罪的，应当从轻或者减轻处罚,已满75岁的人犯罪的，应当一律免除处罚,B
不以占有作为生效要件的权利或法律行为有,保管合同,留置权,动产质权,抵押权,D
甲在一胡同口抢劫一女青年钱包。抢到钱后，突然发现该女青年是自己的邻居，于是将钱包当面还给女青年，声称刚才的行为是开玩笑。甲的行为是,犯罪中止,犯罪既遂,犯罪预备,犯罪未遂,B
审判的时候怀孕的妇女依法不适用死刑。对这一规定的理解，下列选项错误的是,关押期间人工流产的，属于审判的时候怀孕的妇女,不适用死刑，是指不适用死刑立即执行但可适用死缓,不适用死刑，既包括不适用死刑立即执行，也包括不适用死缓,关押期间自然流产的，属于审判的时候怀孕的妇女,B
根据《专利法》的有关规定，下列选项中可以授予专利权的是,乙发明了对糖尿病特有的治疗方法,丁发明了某植物新品种的生产方法,丙对两种平面印刷品的图案的结合作出的主要起标识作用的设计,甲发明了用以躲避监控机动车超速行驶的雷达的预警电子狗,B
我国《刑法》第13条“但书”的规定，即“情节显著轻微危害不大的，不认为是犯罪”，应理解为,是犯罪不以犯罪论处,是犯罪但应免除处罚,不构成犯罪,是犯罪不以犯罪处罚,C
行为人负刑事责任的哲学根据是,行为人在实施犯罪时有相对的意志自由,行为人在实施犯罪时存在主观罪过,行为人在实施犯罪时有认识能力,行为人在实施犯罪时有违法性认识,A
甲将其朋友丙委托保管的一幅古字画以合理的价格卖给了古画收藏家乙，则关于本案的处理正确的是,甲、乙之间签订的古字画买卖合同须经丙的事后追认才能生效,乙可以取得古字画的所有权,如果甲在卖完字画后又以其并非古字画的所有权人为由主张买卖合同无效，法院应予支持,甲、乙之间签订的古字画买卖合同无效,B
甲开办一间小汽修店，因修理一进口轿车缺零配件，便于晚间在一停车场将一同型号小轿车备用轮胎一个（价值1200元）和发动机（价值5万元）拆下盗走，甲的行为,只构成盗窃罪,只构成破坏交通工具罪,构成盗窃罪和破坏交通工具罪，数罪并罚,构成盗窃罪和破坏交通工具罪，属想象竞合犯，从一重罪即破坏交通工具罪定罪处罚,A
根据《合同法》的有关规定，下列选项中，应当认定为承诺的是,蒋某向沈某发出订立合同的意思表示，韩某得知后立即向蒋某回复：完全同意你方条件，请立即发货。韩某的回复视为承诺,甲向乙发出要约，要求乙1个月内给予答复，过期视为承诺，乙未能如期作出答复,丙向丁发出订立合同的意思表示，丁回复为：同意你方条件，但价格应减半。丁的回复视为承诺,大商场橱窗展示某模特穿的高档服装，杨某看到后立即进入商场向售货员表示购买橱窗内展示的高档服装，大商场表示同意。大商场同意的意思表示属于承诺,D
在下面的例句中，表示“经历”意义、轻读的“过”是,喝过了汤再吃饭,见过周恩来总理的人非常都尊重他,过了一天又一天,小李吃过饭就走了,B
由⼀般原理推导出关于个别情况的结论，这种论证⽅法是,归纳法,对⽐法,类⽐法,演绎法,D
根据句法结构二重性理论，下面关于主语、宾语的正确的说法是,主语一定是施事，宾语一定是受事,主语一定是施事，但是宾语不一定是受事,主语不一定是施事，但宾语一定是受事,主语不一定是施事，宾语也不一字是受事,D
在“我买的书”这个结构中，共包含,两种结构,四种结构,一种结构,三种结构,D
“花儿”的正确拼音应写成,huār,huāer,huā-er,huā,C
由于汉语词类具有多功能的特点，所以在划分汉语的词类应该,根据词意义,根据词的形态变化,在词组平面划分,根据词同句子成分之间的对应,C
